Name,Gender
fomamak,0.0
terope,1.0
naish,0.0
croos,0.0
yos,0.0
eleron,1.0
naviton,0.0
nusoton,0.0
gracey,1.0
altar,0.0
ireen,1.0
nicey,1.0
zibaham,0.0
newtch,0.0
genubik,0.0
koops,0.0
chainon,0.0
bralino,0.0
okulas,0.0
betenif,1.0
kajamak,0.0
milyn,1.0
wheard,0.0
furudah,1.0
kell,0.0
stace,0.0
vine,1.0
anack,0.0
alvira,1.0
aleroy,0.0
alurope,1.0
diph,0.0
vina,1.0
catha,1.0
minonus,0.0
suhaino,0.0
caia,1.0
tart,0.0
janita,1.0
grastab,0.0
azhat,0.0
yapich,0.0
herina,1.0
nathy,1.0
andrey,0.0
arin,1.0
thabih,0.0
rald,0.0
alheneb,0.0
castork,0.0
shex,1.0
trise,1.0
phacton,0.0
moss,0.0
delody,1.0
neshath,0.0
terops,0.0
elicey,1.0
cocowl,1.0
alhaino,0.0
leence,0.0
willah,1.0
julin,1.0
anda,1.0
race,0.0
geneen,1.0
supix,0.0
alas,0.0
natald,0.0
tyrona,1.0
tarah,1.0
nasl,1.0
gailya,1.0
son,0.0
cants,0.0
dontch,0.0
elinda,1.0
choney,1.0
frohs,0.0
sinkes,0.0
dirfak,0.0
alraino,0.0
landa,1.0
cinst,1.0
bahoton,0.0
brina,1.0
phoros,0.0
elancy,0.0
faithy,1.0
frus,0.0
rios,0.0
coreee,1.0
terons,0.0
vanney,1.0
mose,0.0
labix,0.0
furuson,0.0
rangma,1.0
neutria,1.0
flyros,0.0
bonutz,0.0
jilly,1.0
loreen,1.0
thewis,0.0
sarich,1.0
etha,1.0
komos,0.0
want,0.0
eles,0.0
murie,1.0
izarkab,0.0
juaney,0.0
chabih,0.0
cinch,0.0
dona,1.0
brank,0.0
solaron,0.0
jaye,1.0
iria,1.0
evan,0.0
sabiark,0.0
elindy,1.0
dont,0.0
berty,1.0
hallah,1.0
algeno,0.0
giebara,1.0
neypus,0.0
frunad,0.0
bethy,1.0
guls,0.0
geonkaa,1.0
winons,0.0
tracek,0.0
hadirah,1.0
gorabih,0.0
marfar,1.0
minon,0.0
tauva,1.0
camina,1.0
milyla,1.0
alchird,0.0
sarthim,0.0
syrmark,0.0
atonea,1.0
rona,1.0
gous,0.0
zinor,0.0
repart,0.0
oline,1.0
callix,0.0
cines,1.0
maryne,1.0
sce,0.0
jessa,1.0
feline,1.0
cups,0.0
hoow,0.0
enifirk,0.0
adamie,1.0
stchex,0.0
ionan,1.0
beal,0.0
seginon,0.0
jordy,0.0
aston,0.0
neila,1.0
prish,0.0
katiey,1.0
bel,1.0
shany,1.0
scotte,0.0
mergas,1.0
bosonan,0.0
ianya,1.0
hadlam,0.0
andra,1.0
brancy,1.0
clakey,0.0
popow,0.0
josey,1.0
elle,1.0
colly,0.0
quan,0.0
weid,0.0
elfs,0.0
nice,1.0
burbix,0.0
babix,0.0
gros,0.0
elsane,1.0
ashelik,0.0
pik,0.0
mergak,0.0
alles,0.0
hamsp,0.0
amandy,1.0
ber,0.0
majoth,0.0
bats,1.0
brita,1.0
vana,1.0
leos,0.0
hadaron,0.0
sargin,1.0
alchium,0.0
zaninon,0.0
gluinom,0.0
blus,0.0
askeid,0.0
herk,0.0
lilley,1.0
arllia,1.0
griste,1.0
chery,1.0
jeane,1.0
axionif,0.0
cowl,1.0
minoces,0.0
des,0.0
tamie,1.0
heers,0.0
aviton,0.0
wales,0.0
hezenif,0.0
cird,0.0
wheal,0.0
ronia,1.0
crat,1.0
jihalla,1.0
garry,0.0
caphact,1.0
nance,1.0
cheats,1.0
dakes,0.0
thew,0.0
froon,0.0
diskeon,0.0
skunch,0.0
brafirk,0.0
etamino,0.0
instan,1.0
sugars,0.0
kohs,0.0
ksorab,0.0
olgary,0.0
yildus,0.0
enry,0.0
alasmon,0.0
alhain,0.0
troyce,0.0
heryle,0.0
feles,0.0
antino,0.0
gibil,1.0
wor,0.0
nancey,1.0
cowlat,0.0
hocorz,0.0
tareson,0.0
sylvin,0.0
risps,0.0
morny,1.0
gileen,1.0
alinon,0.0
forn,0.0
weers,0.0
gwendy,1.0
quants,0.0
toal,0.0
swal,0.0
pon,0.0
chamark,0.0
sallos,0.0
pigars,0.0
gracy,1.0
hadira,1.0
irmark,0.0
smarve,0.0
alhaula,1.0
achira,0.0
eleons,0.0
bet,1.0
aton,0.0
tos,0.0
gravior,0.0
tark,0.0
batses,1.0
asch,0.0
hard,0.0
single,0.0
isotone,0.0
nes,0.0
rohs,0.0
batenar,1.0
marky,0.0
batech,0.0
wezncha,1.0
pich,1.0
chonk,0.0
kitak,0.0
weznif,0.0
leahy,1.0
doryn,1.0
par,1.0
tabanar,0.0
trion,0.0
unchal,0.0
winon,0.0
lopedo,0.0
crowls,0.0
alchib,0.0
elebi,1.0
eila,1.0
muonan,0.0
janee,1.0
pank,0.0
decruxa,1.0
clus,0.0
ashira,1.0
marf,0.0
frunch,0.0
helle,1.0
dawne,1.0
carold,0.0
cers,0.0
gers,0.0
shery,1.0
fanne,1.0
debora,1.0
iney,1.0
rana,1.0
atrinon,0.0
ste,1.0
dscha,1.0
kitakan,1.0
rowne,1.0
phah,1.0
jeret,0.0
mardach,0.0
bland,0.0
cints,1.0
diandi,1.0
hont,0.0
maiam,1.0
aude,1.0
supce,1.0
dscheat,0.0
sitron,0.0
igrish,0.0
nios,0.0
dandra,1.0
ples,0.0
guakes,0.0
ret,1.0
jimmya,1.0
caper,1.0
wors,0.0
tarf,0.0
donnie,0.0
mele,1.0
grette,1.0
zinonon,0.0
regory,0.0
mizarf,0.0
cruts,0.0
meremy,1.0
kendy,1.0
vanard,0.0
walmon,0.0
briany,1.0
bleark,1.0
felia,1.0
dills,0.0
miten,0.0
zelowl,1.0
vandy,0.0
chellus,0.0
koks,0.0
tin,0.0
charly,1.0
ernice,1.0
whark,0.0
kencey,1.0
matark,0.0
puffs,0.0
wille,0.0
wandy,1.0
juane,0.0
dwin,0.0
tundsh,0.0
lynnon,1.0
royce,0.0
wen,0.0
sabi,0.0
doakes,1.0
watros,0.0
sadine,1.0
evane,1.0
jonaye,1.0
money,1.0
chex,0.0
estine,1.0
sallyl,1.0
gabria,1.0
jeroy,0.0
sterion,0.0
joyces,1.0
dyonium,0.0
astorux,0.0
alsham,1.0
pefox,0.0
coxark,0.0
dorie,1.0
graven,0.0
burs,0.0
jaimez,0.0
wheets,0.0
wifel,0.0
rankes,0.0
stra,1.0
karah,1.0
jodip,0.0
salros,0.0
badont,0.0
min,0.0
mesh,0.0
artis,0.0
mollen,0.0
carkes,0.0
arkar,0.0
eleb,0.0
ranan,0.0
alathim,0.0
sadard,1.0
andice,1.0
clow,0.0
reneen,1.0
davis,0.0
colal,0.0
clindy,1.0
crans,0.0
azim,0.0
jenne,1.0
tabus,0.0
quid,0.0
wasaton,0.0
gal,1.0
heres,0.0
isaacy,1.0
swink,0.0
flynx,0.0
prilly,1.0
judya,1.0
chies,0.0
axionon,0.0
ankab,0.0
zaurion,0.0
azhah,1.0
alcorab,0.0
beneb,0.0
brakis,0.0
menkibi,1.0
genifi,1.0
duckes,0.0
briam,0.0
stote,1.0
walls,0.0
trohs,0.0
hoces,0.0
muew,0.0
arlen,0.0
bares,0.0
yvetta,1.0
vick,0.0
schabik,0.0
cint,0.0
honjay,1.0
oaters,0.0
andona,1.0
harlen,0.0
alteron,0.0
shard,0.0
rayne,1.0
cinets,1.0
golaron,0.0
chees,1.0
velyne,1.0
cowns,0.0
mirara,1.0
ranark,0.0
astrark,0.0
lesaton,0.0
neutrak,0.0
pid,0.0
book,0.0
leony,1.0
clech,0.0
millia,1.0
weros,0.0
hock,0.0
colde,1.0
tricky,0.0
gayla,1.0
rionk,0.0
lesaten,1.0
goles,0.0
chelsa,1.0
molley,1.0
pentard,0.0
wallyn,0.0
racily,1.0
totax,0.0
willip,0.0
duhrkab,0.0
alcyon,0.0
bara,0.0
megrezn,1.0
scers,0.0
maen,1.0
alraida,1.0
crisey,1.0
fow,0.0
bers,0.0
sts,1.0
jimen,0.0
davisy,1.0
allia,1.0
ecco,0.0
benry,0.0
fles,0.0
rispid,0.0
jennya,1.0
vanie,1.0
kerrie,1.0
sargino,0.0
cin,0.0
darrie,0.0
swafox,0.0
props,0.0
appers,0.0
sethew,0.0
lilasa,1.0
mitch,0.0
alex,0.0
celeon,0.0
chelik,0.0
berna,1.0
bonyam,0.0
phein,1.0
winopus,0.0
henryn,1.0
alderak,0.0
samany,1.0
marga,1.0
grats,0.0
vindem,0.0
roswal,1.0
dorice,1.0
sheleb,0.0
joeula,1.0
neysma,1.0
tonald,0.0
harz,0.0
auvara,1.0
atonib,0.0
tex,0.0
tifet,1.0
oahars,0.0
graisp,0.0
marfak,0.0
quarkab,0.0
bonne,1.0
mans,0.0
gory,0.0
muonus,0.0
donch,0.0
arino,0.0
saxinon,0.0
sil,0.0
stsan,0.0
eltais,1.0
margio,0.0
wimps,0.0
halsham,0.0
anney,1.0
hoce,0.0
pus,0.0
yvonna,1.0
glasey,1.0
coxaton,0.0
pattin,1.0
cus,0.0
hughy,0.0
blech,1.0
tabbah,1.0
alsafik,0.0
beidus,0.0
lorian,1.0
menkark,0.0
adrie,1.0
rician,0.0
cupers,0.0
taurak,0.0
zavior,0.0
wealke,0.0
ockies,0.0
elly,1.0
errakis,0.0
sugaly,1.0
heidie,1.0
alvia,0.0
earlie,0.0
galowl,1.0
karlie,1.0
wifts,0.0
laptin,0.0
fayel,1.0
tekris,0.0
glorey,1.0
ponts,1.0
spix,0.0
patoya,1.0
naomin,1.0
gomeron,0.0
chelly,1.0
erine,1.0
celine,1.0
gice,1.0
bosoneb,0.0
spros,0.0
cank,0.0
hassias,0.0
solark,0.0
avijava,1.0
maham,1.0
terald,0.0
steron,0.0
ivanna,1.0
miken,0.0
kabiak,0.0
chrice,1.0
tostex,0.0
ashird,0.0
ericia,1.0
alyaton,1.0
eduana,1.0
aps,0.0
tachium,0.0
tammyl,1.0
morrie,0.0
elenna,1.0
celavas,1.0
tot,0.0
alik,0.0
diramak,0.0
alber,0.0
billey,0.0
grumak,0.0
toate,0.0
mon,0.0
macode,1.0
fayen,1.0
dord,0.0
pherkab,1.0
gian,0.0
brinez,0.0
beris,1.0
joana,1.0
denna,1.0
lynnie,1.0
worms,0.0
taban,1.0
jifes,0.0
shanie,1.0
crus,0.0
ebonya,1.0
ebonyd,1.0
lavey,1.0
annams,1.0
sweal,0.0
ivanne,1.0
neilda,1.0
ionons,0.0
dabit,0.0
lillen,1.0
boos,0.0
froder,0.0
card,0.0
alyatik,1.0
tonia,1.0
charga,1.0
othawk,0.0
waffs,0.0
ricard,0.0
suls,0.0
powhex,0.0
scharab,0.0
grohs,0.0
skix,0.0
alnath,0.0
kie,0.0
panter,0.0
askera,1.0
chicke,1.0
hynx,0.0
jillie,1.0
rinkes,0.0
denny,0.0
meal,0.0
raque,1.0
garion,0.0
craird,0.0
muld,0.0
sugark,0.0
segino,0.0
evaned,0.0
phia,1.0
zedares,0.0
shaton,1.0
naosa,1.0
crick,0.0
tricki,1.0
rena,1.0
kendre,0.0
auvab,0.0
ers,0.0
aarone,0.0
stalie,1.0
grafi,1.0
macon,0.0
melios,0.0
toat,0.0
sheleon,0.0
markton,0.0
alam,0.0
duhratz,0.0
denis,0.0
kimmie,1.0
tauria,1.0
genee,1.0
evaley,1.0
shally,1.0
murs,0.0
maya,1.0
dooss,0.0
ariton,0.0
marin,1.0
dilamin,0.0
gral,0.0
shabih,0.0
tonyan,0.0
azharga,1.0
luse,1.0
prope,1.0
tive,0.0
guanch,0.0
sollum,0.0
cakes,0.0
lers,0.0
ainoxa,1.0
wilves,0.0
alkurak,0.0
eerch,0.0
lulard,0.0
eal,0.0
rookix,0.0
dorene,1.0
scellus,0.0
elara,1.0
annard,1.0
megany,1.0
neutrin,0.0
menkaa,1.0
ray,0.0
sheratz,1.0
spuri,1.0
grany,1.0
mediton,0.0
kentha,1.0
andyn,0.0
jell,0.0
jenn,1.0
goleer,1.0
guadae,1.0
goos,0.0
rone,0.0
ungles,0.0
pomera,1.0
ale,0.0
duana,1.0
etair,0.0
yildunt,0.0
ermank,0.0
thabik,0.0
rice,0.0
alraiam,0.0
eduard,0.0
wase,0.0
lloyde,0.0
mesarga,1.0
maura,1.0
miloss,0.0
pikes,1.0
anie,1.0
sharie,1.0
len,0.0
misaleh,0.0
proxima,1.0
chary,1.0
stendy,1.0
eltan,0.0
colax,0.0
brie,1.0
lorie,1.0
grog,0.0
basps,0.0
phams,1.0
camie,1.0
olly,0.0
jayrin,0.0
lilace,1.0
lardy,0.0
anchab,0.0
joya,1.0
preonon,0.0
nancis,1.0
bix,0.0
kirky,1.0
vanley,0.0
sal,0.0
alyark,1.0
nute,0.0
wenten,0.0
sabit,0.0
carma,1.0
curtle,0.0
almelik,0.0
joanry,0.0
bun,0.0
lina,1.0
alino,0.0
taura,1.0
clers,0.0
sadach,1.0
sterops,0.0
flark,0.0
jodye,1.0
raceky,1.0
dabiton,0.0
kad,0.0
taurion,0.0
ryany,1.0
frouse,0.0
turbix,0.0
aliey,1.0
bellah,1.0
wine,1.0
alramak,0.0
dwindy,0.0
rheers,0.0
taux,0.0
wheals,0.0
briane,1.0
pech,0.0
mirfark,1.0
herms,0.0
elanie,1.0
ianne,1.0
ronna,1.0
atonon,0.0
wees,0.0
karie,1.0
aleen,1.0
eleonon,1.0
tench,0.0
aark,0.0
cineys,1.0
gwenda,1.0
luisy,1.0
eclass,0.0
julies,0.0
murzima,1.0
marynk,0.0
karia,1.0
coxah,1.0
caish,0.0
beeres,0.0
grasath,0.0
jonard,0.0
anams,1.0
penne,1.0
loisey,1.0
ollip,0.0
deanne,1.0
ree,1.0
quarkib,0.0
joyn,1.0
adamy,1.0
zinoth,0.0
danie,0.0
instab,1.0
berk,0.0
alkeson,0.0
unukath,0.0
hanne,1.0
sceleon,0.0
boteino,0.0
skatik,1.0
gibers,0.0
sadaron,1.0
nelley,1.0
sesh,0.0
alyat,1.0
juline,1.0
fomalik,0.0
dsch,0.0
giedion,0.0
danna,1.0
polam,0.0
marice,0.0
meropus,0.0
chrets,1.0
thaldah,1.0
kabih,0.0
rish,0.0
reney,0.0
minopus,0.0
lix,0.0
tauvaah,1.0
pies,0.0
quits,0.0
azaleha,1.0
luison,0.0
lanedy,1.0
smals,0.0
garyan,0.0
eltar,0.0
ally,1.0
pebuts,0.0
tote,0.0
ralda,0.0
antone,0.0
tornes,0.0
verney,0.0
kayne,0.0
stey,1.0
mardyon,0.0
rhonya,1.0
gamuls,0.0
tares,0.0
lonna,1.0
naschab,0.0
masal,1.0
halesh,0.0
alark,0.0
aldhib,0.0
stech,0.0
kleeiak,0.0
joycey,1.0
altara,1.0
cops,0.0
whead,1.0
alrain,0.0
regana,1.0
zinon,0.0
oateal,0.0
taram,0.0
hallus,0.0
alfrey,0.0
clard,0.0
sters,0.0
lulah,1.0
emoles,0.0
melvia,1.0
nekkark,0.0
marix,0.0
brada,1.0
ernard,0.0
dirk,0.0
pot,1.0
phonons,0.0
strali,1.0
apix,0.0
zanin,0.0
permit,0.0
gra,1.0
jacki,1.0
olliey,1.0
alarion,0.0
rayley,1.0
kaffias,0.0
nadie,1.0
aars,0.0
spikes,1.0
carlie,1.0
lus,1.0
coats,0.0
deandy,1.0
bahyon,0.0
paulah,1.0
ech,0.0
krab,0.0
lilly,1.0
billex,0.0
schyon,0.0
lyn,1.0
mothab,0.0
minchib,0.0
geons,0.0
lonnez,0.0
jacque,1.0
sadar,1.0
leneva,1.0
mesatan,0.0
lles,0.0
supies,1.0
anchib,0.0
hits,1.0
norahe,0.0
alatrix,0.0
perit,0.0
terta,1.0
tonch,0.0
sies,0.0
majora,1.0
jonald,0.0
set,0.0
hekaron,0.0
acraban,0.0
oraryn,1.0
wacks,0.0
bar,1.0
boats,0.0
zaurah,1.0
alicey,1.0
milly,1.0
alrairk,0.0
bants,0.0
tabius,0.0
syrmino,0.0
arrai,0.0
elos,0.0
fayene,1.0
frey,0.0
cores,0.0
tach,0.0
heep,0.0
treynx,0.0
elenay,1.0
okulus,0.0
shawne,1.0
coobix,0.0
violey,1.0
polaton,0.0
florey,1.0
cruis,0.0
jorgie,1.0
hilly,1.0
mariton,0.0
gatrin,1.0
giebah,1.0
terf,0.0
bertle,1.0
gieba,1.0
rasaleh,0.0
whex,0.0
girtan,0.0
rasalm,0.0
evenna,1.0
altan,0.0
zinopus,0.0
axionin,0.0
juanie,0.0
ants,0.0
honey,1.0
muonin,0.0
rosts,1.0
skyrmak,1.0
diskeh,1.0
rhony,0.0
wasatz,0.0
llix,0.0
canon,0.0
magnon,1.0
errairk,0.0
teremy,0.0
dubheat,0.0
izark,0.0
alcorix,0.0
algrafi,0.0
deany,1.0
lorey,1.0
relix,0.0
leen,1.0
sadirk,1.0
guits,0.0
emmax,0.0
beula,1.0
aleys,1.0
jarena,1.0
errima,1.0
eulah,1.0
hones,1.0
jihda,1.0
sinon,0.0
achib,0.0
thony,0.0
jerek,0.0
panzel,0.0
diason,0.0
alsuud,0.0
vuls,0.0
sulaos,0.0
aldibah,0.0
mulk,0.0
ankark,0.0
oslos,0.0
clarry,0.0
tracia,1.0
anyonon,1.0
rosey,1.0
tors,0.0
celava,1.0
coakey,0.0
lakes,1.0
diphah,1.0
benebah,0.0
carry,1.0
mass,0.0
alhair,0.0
nusakar,0.0
chtios,0.0
rossie,1.0
marlie,1.0
powl,1.0
mollie,1.0
mael,0.0
lis,1.0
eilace,0.0
gluebah,1.0
quites,0.0
jeanny,1.0
kies,0.0
achiram,0.0
kink,0.0
nunkibi,1.0
weslie,0.0
polluma,1.0
anae,1.0
wings,0.0
gocock,0.0
altairk,0.0
oareel,0.0
boon,0.0
warets,0.0
carita,1.0
sarino,0.0
phecca,1.0
ales,0.0
morms,0.0
inerry,1.0
eet,1.0
gray,0.0
coyal,0.0
mera,1.0
ren,0.0
elia,1.0
shan,0.0
vitax,0.0
zers,0.0
cappe,0.0
idave,1.0
raston,0.0
ainor,1.0
mabela,1.0
gatrino,0.0
dandy,0.0
derine,0.0
duhrk,0.0
alshail,0.0
dilath,0.0
rhex,0.0
raptax,0.0
bram,0.0
timyra,1.0
aliedy,1.0
adria,1.0
dhena,1.0
alcorux,0.0
lig,1.0
joanie,1.0
fis,0.0
juanna,1.0
doray,1.0
elica,1.0
weres,0.0
giedir,0.0
smats,0.0
aldun,0.0
anchira,1.0
izares,0.0
ranuts,0.0
rasatik,0.0
celis,1.0
jihonon,0.0
glene,1.0
melia,1.0
moniey,1.0
skatz,1.0
geney,1.0
chamak,0.0
arl,0.0
asellah,1.0
cherkab,1.0
rayle,0.0
batrix,0.0
allift,1.0
batan,0.0
duhrid,0.0
tiney,1.0
cheddin,0.0
gratsp,0.0
wale,0.0
duhrak,0.0
kraban,0.0
breney,0.0
gemmam,0.0
alaslon,0.0
joandy,0.0
perryl,0.0
atrix,0.0
alram,0.0
sps,1.0
hughan,0.0
weias,0.0
cruses,0.0
ger,0.0
ninaha,1.0
lops,0.0
gorab,0.0
berta,1.0
alsha,1.0
carona,1.0
edar,0.0
luise,1.0
tachib,0.0
edark,0.0
cinkes,1.0
cuses,0.0
violan,0.0
sadark,1.0
ankabih,0.0
chal,0.0
darry,0.0
winonon,0.0
grake,0.0
heremy,0.0
blancy,0.0
kenda,1.0
pil,1.0
coren,0.0
vin,0.0
eleah,1.0
jodyn,1.0
rankie,1.0
muonons,0.0
izaron,0.0
squars,0.0
dunch,0.0
jone,1.0
glena,1.0
hamakan,0.0
coate,1.0
ainons,0.0
racey,1.0
oatch,0.0
letty,1.0
arion,0.0
agnesa,1.0
yilduno,0.0
heald,0.0
carves,0.0
tyog,0.0
justie,1.0
pennie,1.0
minies,0.0
ine,1.0
cheeet,1.0
docoos,0.0
sadares,1.0
elson,0.0
wolous,0.0
lish,0.0
allyn,0.0
yalmon,0.0
iandy,1.0
wenny,0.0
shamark,0.0
hollie,1.0
coley,0.0
coce,1.0
pebray,1.0
thondy,1.0
himass,0.0
sanda,1.0
doulls,0.0
idace,1.0
pulchib,0.0
becruxa,1.0
elanda,1.0
terina,1.0
oate,0.0
alrais,0.0
virgie,1.0
mits,0.0
armene,1.0
trine,1.0
wezna,1.0
caseya,1.0
belix,0.0
quars,0.0
claura,1.0
cary,0.0
kaye,1.0
gicket,1.0
almone,0.0
wena,1.0
aldush,0.0
swack,0.0
hers,0.0
grios,0.0
spurim,0.0
spon,0.0
ranch,0.0
tetratz,0.0
sanney,1.0
viviay,1.0
jeanna,1.0
cliney,1.0
hene,1.0
calvia,1.0
gerte,0.0
coxak,0.0
ankaan,0.0
hocops,0.0
sonard,0.0
stene,1.0
arla,1.0
therta,1.0
mareson,0.0
grants,0.0
tops,0.0
kumak,0.0
kokrus,0.0
keitha,1.0
chid,0.0
ruthy,1.0
warry,0.0
mureah,1.0
coos,0.0
sadra,1.0
toats,0.0
algenif,0.0
pyrohs,0.0
asteron,0.0
aldeba,1.0
belly,1.0
forms,0.0
chars,0.0
claine,1.0
brachir,0.0
greggy,0.0
lesatik,0.0
propsh,0.0
apench,0.0
lerion,0.0
minkab,0.0
lawren,1.0
benny,0.0
nutz,0.0
arlie,0.0
made,0.0
tig,0.0
meratzn,1.0
dhenar,0.0
bobina,1.0
philda,1.0
tonnie,1.0
berers,0.0
shaiam,1.0
prow,1.0
acrabi,1.0
sunch,1.0
jeron,0.0
alurops,0.0
pleions,0.0
weer,0.0
isoton,0.0
wardan,0.0
terek,0.0
hal,0.0
packs,0.0
vivers,0.0
branasl,0.0
emilla,1.0
enrie,0.0
llat,0.0
ranons,0.0
sonnie,0.0
jel,0.0
tautrix,0.0
hasich,0.0
vanez,0.0
tard,0.0
lifes,1.0
diandy,1.0
tinez,0.0
lestie,1.0
aldibi,1.0
ivaney,1.0
alatrin,1.0
hex,0.0
katen,1.0
crunde,1.0
cherry,1.0
tanley,1.0
astab,0.0
gerry,0.0
unchex,0.0
shanya,1.0
feries,0.0
glenna,1.0
lerome,0.0
monam,1.0
genibah,1.0
mard,0.0
enib,1.0
pola,1.0
achirk,0.0
meratz,0.0
garlie,1.0
ban,1.0
alraixa,1.0
diedow,1.0
gollux,1.0
atinon,0.0
arkaban,0.0
mulkes,0.0
paulie,0.0
philia,1.0
alphact,0.0
sular,1.0
swaffs,0.0
azimuon,0.0
mizark,0.0
mares,1.0
mirfar,1.0
tine,1.0
picers,0.0
quarke,0.0
essara,1.0
nichad,0.0
apsps,0.0
cles,0.0
cornys,0.0
strish,0.0
eulahy,1.0
corse,1.0
noria,1.0
brark,0.0
robyny,1.0
blues,0.0
thallah,1.0
cranch,0.0
arix,0.0
therly,1.0
con,0.0
nuscham,0.0
weessh,0.0
leenny,0.0
sabireo,0.0
tax,0.0
alus,0.0
rosiey,1.0
shaiaz,0.0
siese,0.0
gerek,0.0
crisp,0.0
rafox,0.0
wer,0.0
beten,1.0
patha,1.0
stevey,1.0
tance,1.0
widin,0.0
aspies,1.0
varkes,0.0
guteda,1.0
fronch,0.0
teryla,1.0
saiphda,1.0
allota,1.0
jagice,1.0
ceros,0.0
stmeal,0.0
pamiea,1.0
giamon,0.0
meass,0.0
zubeneb,0.0
sunkle,1.0
suhaion,1.0
prah,1.0
shalle,1.0
pamont,0.0
ruchban,0.0
sariton,1.0
hellia,1.0
nelsie,1.0
idacey,1.0
gops,0.0
alballa,1.0
yolana,1.0
tyle,0.0
los,0.0
alie,1.0
alwaide,0.0
mondax,0.0
graviph,0.0
pants,0.0
margia,1.0
monkle,0.0
nandy,1.0
dicks,0.0
guink,0.0
alyadum,1.0
heales,0.0
gemmark,0.0
darlie,1.0
almary,0.0
pebix,0.0
mahamak,0.0
porrim,0.0
hekabih,0.0
lidenx,0.0
andie,1.0
patsyn,1.0
sergia,1.0
aspicah,1.0
castab,0.0
bles,1.0
mark,0.0
yaphex,0.0
libers,0.0
gordo,0.0
weia,1.0
izarki,1.0
hillie,0.0
asellan,0.0
gluinon,0.0
shelle,1.0
ziba,0.0
gon,0.0
eillis,1.0
dabi,1.0
tabia,1.0
penton,0.0
grafirk,0.0
rhimp,1.0
cole,0.0
stance,0.0
acruxa,1.0
pristy,1.0
hilia,1.0
jihoton,0.0
izarkar,0.0
mela,1.0
keided,0.0
beres,1.0
smonch,0.0
zedark,0.0
tachird,0.0
alaton,0.0
eriney,1.0
mesarix,0.0
zino,0.0
kylen,0.0
scera,1.0
alinan,0.0
andan,0.0
cors,0.0
azhasim,0.0
dow,0.0
armen,0.0
pioss,0.0
atino,0.0
lyny,1.0
taurius,0.0
alarkab,0.0
bellee,1.0
minnys,0.0
park,0.0
jerrye,1.0
jur,0.0
tarmus,0.0
celeb,0.0
thab,0.0
mesarid,1.0
gleney,1.0
marina,1.0
batenan,1.0
cheleon,0.0
mayne,0.0
carley,1.0
reats,1.0
aldah,1.0
phios,0.0
zaviton,0.0
acrabih,0.0
mirark,1.0
hamak,0.0
astula,1.0
gork,0.0
deneba,1.0
alraion,0.0
sumpid,1.0
naoson,0.0
honda,1.0
wasalm,0.0
scelava,1.0
markard,0.0
oats,0.0
hon,0.0
fres,0.0
cine,1.0
pheino,0.0
kene,0.0
fanna,1.0
weionan,0.0
hion,0.0
patsya,1.0
pie,0.0
cherrak,1.0
alk,0.0
guark,0.0
muebix,0.0
nekkard,0.0
tonyn,0.0
tetra,1.0
cray,0.0
alarmus,0.0
almara,1.0
bler,1.0
blug,0.0
wark,0.0
grams,0.0
stal,1.0
varz,0.0
bakix,0.0
askedus,0.0
ninald,0.0
fayey,1.0
aludram,0.0
luxion,0.0
betena,1.0
aldebah,0.0
algedia,1.0
caphird,0.0
jacky,0.0
phernar,1.0
colatz,0.0
sumpix,0.0
challa,1.0
eltard,0.0
solam,0.0
gailia,1.0
carlen,1.0
reybra,1.0
bottom,0.0
misamak,0.0
caiah,1.0
guans,0.0
lynez,0.0
markar,0.0
almino,0.0
ward,0.0
benja,1.0
corsh,0.0
hanry,0.0
gaylah,1.0
anakes,1.0
life,0.0
healle,1.0
mintard,0.0
therie,1.0
kyley,1.0
ots,0.0
tarino,0.0
randa,1.0
hadum,0.0
swoass,0.0
joanny,1.0
serkex,0.0
felios,0.0
monah,1.0
chonts,1.0
losp,0.0
jele,1.0
analdy,1.0
courta,1.0
dors,0.0
suhain,1.0
beide,1.0
unukat,0.0
resers,0.0
mes,0.0
barkix,0.0
teda,1.0
stelle,1.0
elody,1.0
hekark,0.0
ellena,1.0
gatrix,0.0
pary,0.0
chargin,1.0
aspica,1.0
gicks,0.0
kabens,0.0
lolas,0.0
lies,1.0
moste,0.0
marrai,1.0
coass,0.0
beathy,1.0
dianya,1.0
heersh,0.0
robina,1.0
enibik,0.0
samie,0.0
krunch,0.0
hadiram,0.0
andace,0.0
medion,0.0
racyle,1.0
giedia,1.0
muffs,0.0
denuts,0.0
salas,0.0
photons,0.0
cord,0.0
pold,0.0
casps,0.0
ronard,0.0
lonnis,0.0
sulah,1.0
antony,0.0
krisa,1.0
walles,0.0
ellie,1.0
blesh,1.0
holey,0.0
sex,0.0
dorey,1.0
pok,0.0
alatik,0.0
fex,0.0
fes,1.0
erick,0.0
nica,1.0
marazha,1.0
ars,0.0
egrasp,0.0
dony,0.0
monald,0.0
majoram,0.0
hekarf,0.0
sino,0.0
sugbix,0.0
ork,0.0
maiamak,1.0
melara,1.0
elaney,1.0
gabrin,1.0
sanya,1.0
bellum,0.0
rahars,0.0
arraiam,0.0
conk,0.0
janney,1.0
allara,1.0
ancham,0.0
laude,1.0
ankabit,0.0
jackix,0.0
gieses,1.0
harvin,0.0
panbug,0.0
yolace,0.0
okulam,0.0
leene,1.0
zibah,1.0
antinon,0.0
troya,1.0
blanda,1.0
ellene,1.0
mira,1.0
oalls,0.0
azham,0.0
achah,1.0
maril,1.0
weino,0.0
graw,0.0
cindee,1.0
caks,0.0
meisam,0.0
terrie,1.0
eleon,0.0
scepton,0.0
cheat,1.0
suhelik,0.0
allene,1.0
mesatz,0.0
meram,0.0
izarfik,0.0
cellex,1.0
monard,0.0
naomie,1.0
guyne,0.0
naros,0.0
sadaton,1.0
latsts,1.0
monch,0.0
sabiton,0.0
janne,1.0
tros,0.0
iononus,0.0
bon,0.0
chrisa,1.0
joyton,0.0
capies,1.0
coxan,1.0
ritany,1.0
kenny,0.0
ambert,1.0
razzle,1.0
ianley,1.0
deanny,0.0
bubbix,0.0
pan,0.0
rans,0.0
chreet,1.0
jurbet,1.0
altark,0.0
karena,1.0
pollus,0.0
mimosam,0.0
hilley,1.0
matty,1.0
genubi,1.0
jack,0.0
eilan,0.0
sta,1.0
ran,0.0
sar,1.0
hocks,0.0
pent,0.0
crin,1.0
apple,1.0
sunk,1.0
shams,1.0
shood,0.0
mirakis,0.0
kennie,0.0
taraid,0.0
asellab,0.0
derry,0.0
errim,0.0
vivia,1.0
alduson,0.0
ranon,0.0
thelix,0.0
cireal,0.0
wafros,0.0
gera,1.0
brab,0.0
golaran,0.0
doria,1.0
verek,0.0
terly,1.0
nakes,0.0
jord,0.0
timmie,0.0
slig,0.0
gech,0.0
coxaron,0.0
unchre,0.0
jackok,0.0
amela,1.0
haldah,1.0
posts,1.0
caphirk,0.0
anamos,0.0
coracy,1.0
glenry,0.0
anes,0.0
rassas,0.0
heats,1.0
grafik,0.0
sargah,1.0
kokix,0.0
andine,1.0
altanin,0.0
dannie,0.0
rantax,0.0
eline,1.0
juliey,1.0
muons,0.0
vulark,0.0
widous,0.0
bonya,1.0
koot,0.0
hadirk,0.0
daisya,1.0
salley,1.0
coryl,1.0
stany,1.0
lindy,1.0
bethew,1.0
erman,0.0
gorice,0.0
wasalam,0.0
kayd,0.0
dell,0.0
wins,0.0
mounch,0.0
berbee,1.0
beneba,0.0
helley,1.0
korneb,0.0
zosmar,0.0
frunk,0.0
tope,1.0
krabik,0.0
chael,0.0
tancis,1.0
gons,0.0
aldus,0.0
barks,0.0
astrak,0.0
mabley,1.0
waffes,0.0
bra,1.0
quakes,0.0
izarino,0.0
shatrix,0.0
puffes,0.0
hekab,0.0
britta,1.0
elene,1.0
altardr,0.0
pars,0.0
tyrony,0.0
poloos,0.0
mizaron,0.0
lesat,1.0
valey,1.0
ter,0.0
elice,1.0
gran,0.0
rosean,0.0
caphira,1.0
elix,0.0
cinda,1.0
aptal,1.0
aldera,1.0
schird,0.0
alancy,0.0
arraid,0.0
errohs,0.0
helean,1.0
lewise,1.0
meisa,1.0
ral,0.0
rence,0.0
cort,0.0
alraia,1.0
hadaton,0.0
evendy,1.0
ionon,1.0
joela,1.0
ginald,1.0
thabius,0.0
clek,0.0
stald,0.0
achyon,0.0
aliakan,1.0
verly,1.0
krus,0.0
luzel,1.0
denne,1.0
eggies,0.0
guada,1.0
sceros,0.0
sadiram,1.0
daryla,1.0
gorabba,1.0
asellux,0.0
sergie,0.0
rose,1.0
caston,0.0
jacks,0.0
blakes,0.0
acrabik,0.0
dian,1.0
julion,0.0
millie,1.0
halleth,1.0
fomam,0.0
arts,0.0
alzirk,0.0
dings,0.0
hony,1.0
alphah,0.0
geonon,0.0
alamin,0.0
les,0.0
sadrus,1.0
rancy,0.0
shail,0.0
per,0.0
ritey,1.0
ses,0.0
angars,0.0
kitauon,0.0
enibah,1.0
mesatik,0.0
herita,1.0
anniey,1.0
ocoats,0.0
cor,0.0
atlasym,0.0
gut,1.0
hatty,1.0
dyonif,0.0
miatrix,1.0
tany,1.0
garley,0.0
dous,0.0
chain,0.0
castra,1.0
haryn,1.0
edaron,0.0
searla,1.0
pattie,1.0
hog,0.0
stancy,1.0
pos,0.0
toniel,0.0
koat,0.0
ruchbia,1.0
sadrix,1.0
aludrab,0.0
yolas,0.0
azhab,0.0
alrakan,0.0
tures,0.0
mariel,1.0
alphein,0.0
blanie,1.0
docks,0.0
flamal,1.0
auvair,0.0
harlos,0.0
torms,0.0
vane,0.0
hadalm,0.0
cherkar,0.0
eriey,1.0
chesty,1.0
auvan,0.0
wimplas,0.0
duhra,1.0
gillie,1.0
idary,1.0
diles,0.0
ane,1.0
fisps,0.0
eaturs,1.0
elicia,1.0
dynx,0.0
menkin,0.0
pharmus,0.0
marinon,0.0
res,0.0
weiaham,0.0
sadir,0.0
alley,1.0
ming,0.0
rotanin,0.0
jeresa,1.0
coreen,1.0
eleaha,1.0
asellum,0.0
rassias,0.0
floyde,0.0
jet,0.0
kimmy,1.0
jona,1.0
man,0.0
marily,1.0
jacats,0.0
gimpus,0.0
anch,0.0
erina,1.0
cheratz,0.0
tonioe,0.0
achium,0.0
estina,1.0
keithy,1.0
chones,0.0
otlios,0.0
russey,0.0
geonev,0.0
booss,0.0
puffal,0.0
ranats,0.0
louisa,1.0
debony,1.0
tous,0.0
winork,0.0
cobys,0.0
lyde,1.0
blers,1.0
pix,0.0
bahamin,0.0
scotty,0.0
sinuls,0.0
fros,0.0
rail,0.0
totse,0.0
eang,0.0
zanino,0.0
letta,1.0
lift,1.0
kerryn,1.0
jeandy,1.0
karley,1.0
kochard,0.0
terfak,0.0
ops,1.0
crunch,0.0
naosura,1.0
bettie,1.0
goldch,0.0
minkark,0.0
nutch,0.0
merabik,0.0
dennya,1.0
hamus,0.0
smal,0.0
ries,0.0
homamin,0.0
brence,0.0
teron,0.0
meline,1.0
okula,1.0
alzird,0.0
sallie,1.0
yots,0.0
daven,0.0
spil,1.0
minus,0.0
annez,1.0
asham,0.0
stanya,1.0
lesley,1.0
manth,0.0
dellia,1.0
rickie,0.0
menchah,1.0
alraium,0.0
sabih,0.0
propent,0.0
pios,0.0
alendy,1.0
tabih,0.0
navior,0.0
gacke,1.0
wezena,1.0
saxino,0.0
robyna,1.0
phex,1.0
sonald,0.0
poselk,0.0
genubih,0.0
marvey,1.0
nelly,1.0
erraiam,0.0
arkeb,0.0
schelik,0.0
dixiel,0.0
fany,1.0
stoate,1.0
aske,0.0
yogark,0.0
plat,0.0
rank,0.0
dorah,1.0
mediah,1.0
vegas,0.0
billia,1.0
beah,1.0
ves,0.0
coves,0.0
golve,1.0
mus,0.0
arid,1.0
hone,1.0
alaron,0.0
ireene,1.0
sulabik,0.0
gone,0.0
baton,0.0
miaplas,1.0
naffsh,0.0
sceres,0.0
mall,0.0
whee,1.0
cousk,0.0
astrah,1.0
lison,0.0
gretty,1.0
erfros,0.0
errak,0.0
melica,1.0
dessie,1.0
gabrie,1.0
zauri,0.0
ainkard,0.0
ela,1.0
altaira,1.0
evey,1.0
racy,1.0
france,1.0
dilatik,0.0
sadalm,1.0
shaele,1.0
luxons,0.0
alcoran,0.0
hen,0.0
mathy,1.0
loria,1.0
proos,0.0
alraid,0.0
ginia,1.0
karene,1.0
asterf,0.0
ricia,1.0
maasyma,1.0
alls,0.0
amyra,1.0
lynney,1.0
franda,1.0
eristy,1.0
wayney,0.0
chios,0.0
thaban,0.0
sall,0.0
furus,0.0
guts,0.0
peefox,0.0
gracia,1.0
marine,1.0
eltaird,0.0
lar,0.0
dianie,1.0
luxinon,0.0
ellard,0.0
zubens,0.0
sups,1.0
leria,1.0
mars,0.0
bobbyn,1.0
nunkino,0.0
shellum,1.0
stenny,0.0
derina,1.0
hallux,0.0
ferry,0.0
maiah,1.0
crios,0.0
anny,1.0
stelly,1.0
natha,1.0
dhenah,1.0
thel,0.0
eliana,1.0
vere,0.0
sadirab,1.0
terion,0.0
dory,1.0
anton,0.0
dyonevi,1.0
jodia,1.0
mites,0.0
crowk,0.0
wafox,0.0
blat,0.0
charda,1.0
hekaton,0.0
nunkib,0.0
anchium,0.0
lios,0.0
genons,0.0
astonon,0.0
railes,0.0
sher,0.0
stray,1.0
froos,0.0
coxatik,0.0
yakers,0.0
turs,0.0
ritars,0.0
phamark,0.0
trice,0.0
naslon,0.0
jumars,0.0
beals,0.0
triple,1.0
everly,1.0
darley,1.0
tachba,1.0
tibers,0.0
daley,1.0
shelik,0.0
hasim,0.0
andary,0.0
arrak,0.0
ton,0.0
keidhma,1.0
alphain,0.0
tabdhib,0.0
lyney,1.0
branda,1.0
cellah,1.0
guar,0.0
slix,0.0
benew,0.0
acceleb,0.0
trisp,0.0
rants,0.0
glendy,1.0
sterry,0.0
muls,0.0
tabik,0.0
chabik,0.0
healls,0.0
kimena,1.0
avitons,0.0
ranopus,0.0
tachir,0.0
wimpha,1.0
geno,0.0
phargak,0.0
jandy,1.0
ney,0.0
lillia,1.0
cathya,1.0
erie,0.0
mats,0.0
arinon,0.0
eres,1.0
anyoni,1.0
thery,0.0
wal,0.0
gorn,0.0
mistie,1.0
cros,0.0
apies,0.0
kabiton,0.0
candy,1.0
whers,0.0
iree,1.0
jeanie,1.0
cran,0.0
alrair,0.0
willey,0.0
medi,1.0
ashir,0.0
leonyl,1.0
jayne,1.0
karard,0.0
lychex,0.0
misa,1.0
candra,1.0
elina,1.0
thell,0.0
ellana,1.0
nesham,0.0
elebola,1.0
charaz,0.0
douse,0.0
zinoces,0.0
teronan,0.0
hork,0.0
betenar,1.0
anchird,0.0
jasony,0.0
conth,0.0
murzimp,0.0
branca,1.0
flakes,1.0
sugard,0.0
loise,1.0
caiamin,0.0
tabiton,0.0
loree,1.0
trick,0.0
kastrak,0.0
carly,1.0
sandie,1.0
fredy,0.0
rica,1.0
polar,1.0
flams,1.0
solarid,1.0
croo,0.0
milda,1.0
brance,0.0
tachbah,1.0
triesh,0.0
spurin,1.0
adriet,1.0
krazet,1.0
golos,0.0
elebara,1.0
flats,1.0
marace,0.0
bryany,1.0
fowoos,0.0
smark,0.0
joelan,0.0
grey,0.0
shog,0.0
loss,0.0
arkard,0.0
hamelik,0.0
rowl,1.0
marlly,1.0
krios,0.0
neutrix,0.0
kadown,1.0
mins,0.0
gerly,1.0
bosonon,0.0
cakers,0.0
wasath,0.0
tauxon,0.0
root,0.0
unch,0.0
ors,0.0
brak,0.0
kurta,0.0
inette,1.0
wasatan,0.0
stight,1.0
sadirux,1.0
slose,1.0
sales,0.0
tarain,0.0
meron,1.0
nuson,0.0
ranutz,0.0
caseye,1.0
oafron,0.0
hule,0.0
toisps,0.0
dat,0.0
hinnan,0.0
hanna,1.0
dnocese,0.0
muonon,0.0
timmy,0.0
parney,0.0
gacrab,0.0
saleh,0.0
annah,1.0
lucan,0.0
eriana,1.0
sulaton,0.0
gramus,0.0
auvam,0.0
zedarga,1.0
shres,1.0
comats,0.0
ionium,1.0
gonut,1.0
atikard,0.0
nelle,1.0
okulk,0.0
wezno,0.0
apples,1.0
alaratz,0.0
skies,0.0
polari,1.0
enifark,1.0
zaurid,0.0
yola,1.0
walla,1.0
allie,1.0
caw,0.0
dilk,0.0
maurie,1.0
karlen,1.0
spuffs,1.0
canonon,0.0
bellus,0.0
eriky,0.0
walley,0.0
grum,0.0
ducks,0.0
francy,1.0
range,0.0
push,0.0
graston,0.0
jabba,1.0
allots,1.0
allena,1.0
lelah,1.0
annon,0.0
matan,0.0
sadirak,1.0
sus,1.0
taurah,1.0
castram,0.0
yogal,0.0
dira,1.0
mara,1.0
azet,1.0
elerops,1.0
mone,1.0
willy,0.0
oss,0.0
veremy,1.0
alasym,0.0
dennie,0.0
alhenah,1.0
done,0.0
line,1.0
annya,1.0
prie,1.0
muontak,0.0
bees,0.0
alrak,0.0
atrino,0.0
panch,0.0
pros,0.0
lynnee,1.0
batomam,0.0
maryn,1.0
skatzn,1.0
cowhex,0.0
jilla,1.0
charmus,0.0
blance,0.0
sula,1.0
kocha,1.0
therek,0.0
cats,1.0
clues,0.0
ros,0.0
lyne,1.0
mocake,0.0
roydo,0.0
beant,0.0
sadlam,1.0
plas,0.0
jimmyn,0.0
heila,1.0
alramix,0.0
myrace,1.0
wenise,1.0
benda,1.0
yales,0.0
roos,1.0
camily,1.0
acruxon,0.0
craine,1.0
eats,1.0
sug,1.0
alspil,0.0
cark,0.0
sularon,0.0
dabireo,0.0
branev,0.0
photope,1.0
weion,0.0
pollum,0.0
stax,0.0
dabik,0.0
snich,0.0
tarfik,0.0
bretty,1.0
donut,1.0
apuffs,0.0
byront,0.0
felice,1.0
eddiey,0.0
zosmas,0.0
fispot,0.0
lan,1.0
karay,1.0
cings,0.0
medib,0.0
gies,1.0
tamin,1.0
luxab,0.0
anthia,1.0
dondy,1.0
minoton,0.0
antak,0.0
kris,0.0
eggers,0.0
sterfik,0.0
cellum,1.0
raulia,1.0
mesaton,0.0
colf,0.0
syrmion,0.0
hary,0.0
nilly,1.0
berly,1.0
edasim,0.0
stisps,1.0
edgary,0.0
rotan,0.0
ericky,0.0
cricks,0.0
kitauva,1.0
fery,0.0
asinch,0.0
wasaleh,0.0
celina,1.0
poot,1.0
cink,0.0
winia,1.0
tarrak,0.0
bath,1.0
froops,0.0
billya,1.0
gluinol,0.0
pleion,0.0
terry,0.0
hadyon,0.0
harrie,0.0
bleda,1.0
wein,0.0
mamina,1.0
weaffs,0.0
guye,0.0
seats,0.0
sarid,1.0
shain,0.0
fal,1.0
sulatik,0.0
netty,1.0
helly,1.0
guaney,0.0
bonyan,0.0
unfly,0.0
charry,1.0
tran,1.0
alkaida,1.0
tetraix,0.0
mesonon,0.0
munda,1.0
sha,1.0
ronne,1.0
alhail,0.0
inen,1.0
muonea,1.0
volath,0.0
aarjel,0.0
kaboson,0.0
veroy,0.0
shamak,1.0
cobix,0.0
henrie,1.0
weet,1.0
fams,1.0
carde,1.0
chrey,0.0
hardy,0.0
sinons,0.0
wilmay,1.0
preo,0.0
sadlami,1.0
batenah,1.0
marms,1.0
porrimp,0.0
hyaduma,1.0
toale,0.0
ties,0.0
chadie,1.0
wee,0.0
soyos,0.0
kelle,1.0
zedasim,0.0
johna,1.0
mos,0.0
merops,1.0
dirius,0.0
kumark,0.0
alar,1.0
leshmet,0.0
zosmark,0.0
keidus,0.0
algork,0.0
nasliak,0.0
barave,0.0
diram,0.0
all,0.0
spies,1.0
krabius,0.0
cellus,0.0
slus,0.0
jetax,0.0
toperon,0.0
camonk,0.0
genif,0.0
genubia,1.0
annaha,1.0
isa,1.0
cassa,1.0
bony,0.0
nusakab,0.0
jilley,1.0
oark,0.0
snoles,1.0
flys,1.0
leondy,1.0
enryn,0.0
furudra,1.0
frook,0.0
misadr,0.0
valex,0.0
oraine,1.0
toddie,1.0
jabbab,0.0
halla,1.0
rinnab,1.0
deaney,1.0
jamela,1.0
edaruma,1.0
heat,1.0
womel,0.0
aino,1.0
lorice,1.0
arrain,0.0
cella,1.0
bens,0.0
grawk,0.0
besse,1.0
goats,0.0
cline,0.0
alene,1.0
tights,0.0
achbah,1.0
brene,1.0
antitak,0.0
bases,0.0
byrona,1.0
rowls,0.0
enifak,1.0
briney,1.0
eloos,0.0
jaimer,0.0
backse,1.0
troyra,1.0
anamse,1.0
colle,0.0
berios,0.0
bobara,1.0
batares,1.0
guyl,0.0
gorsp,0.0
chon,0.0
algor,0.0
sealfs,0.0
hencey,1.0
lidex,0.0
majorab,0.0
ankalik,0.0
erraid,0.0
orz,0.0
weney,1.0
jennyn,1.0
mino,0.0
camiet,1.0
paulas,0.0
dellie,1.0
menkard,0.0
dwigh,0.0
antonon,0.0
eltares,0.0
luxonon,0.0
dary,0.0
nesch,0.0
ricke,0.0
melice,1.0
feryla,1.0
cocors,0.0
delley,1.0
mesath,0.0
elany,1.0
fruik,0.0
dia,1.0
oale,0.0
frandy,0.0
ryanne,1.0
cheliak,1.0
algiedi,0.0
polah,1.0
celavar,1.0
glueba,1.0
altares,0.0
rooses,0.0
alpha,1.0
ianna,1.0
allyny,1.0
jagles,0.0
moth,0.0
hery,0.0
aard,0.0
wally,0.0
axinon,0.0
loresa,1.0
hilip,0.0
hammet,0.0
alebix,0.0
canons,0.0
goros,0.0
louisy,1.0
weidus,0.0
becca,1.0
enifik,0.0
beass,0.0
chard,0.0
herry,0.0
seat,0.0
samana,1.0
mesons,0.0
lette,1.0
adammy,1.0
tera,1.0
pokix,0.0
paulia,1.0
kariel,1.0
wat,0.0
candyn,0.0
sony,0.0
oakes,0.0
prabon,0.0
grioss,0.0
hark,0.0
dyonon,0.0
adharan,0.0
dies,1.0
idarry,1.0
smon,0.0
gimph,0.0
row,0.0
adanne,1.0
shersp,1.0
possh,0.0
therry,0.0
jurs,0.0
munch,0.0
billa,1.0
ainon,1.0
price,0.0
erice,0.0
skaton,1.0
